Epoch,D_loss,G_loss,D_loss_change_%,G_loss_change_%,D_to_G_ratio
1,-36.6943,12.2987,,,2.9835917617309144
2,-76.4643,34.9024,108.38195578059806,183.7893435891598,2.190803497753736
3,-80.2093,35.5023,4.8977104348042255,1.718792976987249,2.2592705261349266
4,-63.8689,20.2564,-20.372201228535847,-42.94341493368036,3.1530232420370847
5,-63.2959,3.0619,-0.8971502562279854,-84.88428348571315,20.67209902348215
6,-52.0961,-17.0014,-17.69435303076503,-655.2565400568275,-3.064224122719305
7,-56.0755,10.7646,7.638575632341005,-163.3159622148764,5.20925069208331
8,-69.0363,-18.854,23.113124269957463,-275.14817085632535,-3.6616261801209293
9,-62.9776,-7.9124,-8.776107641921705,-58.03330858173332,-7.959354936555281
10,-57.3588,-38.5932,-8.921902390691294,387.75592740508574,-1.4862410994683
11,-59.7334,-28.2901,4.139905297879309,-26.69667195257196,-2.1114594858271976
12,-53.9387,-36.238,-9.700937833774748,28.09428033128196,-1.4884568684806003
13,-53.6376,-56.0995,-0.5582262827988016,54.80848832717038,-0.9561154733999412
14,-44.408,-43.9634,-17.207332169970314,-21.633169636093008,-1.0101129575965462
15,-60.6189,-64.9501,36.504458656097995,47.73675375425923,-0.9333149602541027
16,-87.0149,-92.9303,43.54417516649099,43.07953336484469,-0.9363458419912558
17,-50.5674,-84.6358,-41.88650449520714,-8.925506535543304,-0.5974705739178928
18,-50.4808,-96.5238,-0.17125658032645097,14.046065612896651,-0.5229881127763308
19,-38.8157,-102.1039,-23.107993534175375,5.781061251214736,-0.38015883820304613
20,-40.4336,-128.4442,4.168158760501539,25.79754544145718,-0.31479506275876995
21,-42.9336,-120.7215,6.182976534367457,-6.012494141424829,-0.35564170425317776
22,-41.8944,-130.1254,-2.4204818603611233,7.7897474766301045,-0.32195405355142037
23,-37.1358,-135.4949,-11.358558661778172,4.126404222388547,-0.2740752603972548
24,-31.8186,-129.0137,-14.318258930735306,-4.783353469392571,-0.246629621505313
25,-36.3614,-113.9513,14.277183785584535,-11.67503916250755,-0.31909596467964824
26,-26.4838,-146.7743,-27.165070651845102,28.804410305104035,-0.18043894605526986
27,-27.4639,-144.2286,3.7007529131015904,-1.734431709093498,-0.1904192372386614
28,-29.3434,-144.2012,6.843529141891724,-0.01899761905752584,-0.20348929135125088
29,-37.7248,-163.0663,28.563152190952668,13.082484750473643,-0.23134639100782933
30,-27.7885,-159.501,-26.338907031978962,-2.1864112940564673,-0.17422147823524617
31,-24.8965,-166.485,-10.407182827428606,4.378655933191644,-0.14954200078085111
32,-21.6503,-158.5788,-13.038780551483132,-4.7488962969637,-0.1365270767593146
33,-15.2269,-152.7108,-29.668872948642743,-3.700368523409181,-0.09971069498686407
34,-23.8698,-101.7352,56.76073265076938,-33.380481275718545,-0.23462675652085022
35,-16.8244,-140.0203,-29.51595740224049,37.6321076677492,-0.1201568629691552
36,-12.2902,-134.6621,-26.95014383871045,-3.826730838314152,-0.09126695632995475
37,-11.6887,-120.1143,-4.894143301166776,-10.803188127914243,-0.09731314256504014
38,-11.9291,-126.6892,2.05668722783543,5.47386947266062,-0.09416035463164973
39,-13.5162,-133.3166,13.304440402042061,5.231227286935258,-0.10138422372007687
40,-14.6952,-118.063,8.722865894260234,-11.441635925308624,-0.12446913935780049
41,-13.0441,-133.2144,-11.23564157003647,12.83331780490078,-0.0979180929389015
42,-19.8974,-98.6801,52.53946228563107,-25.92384907337346,-0.20163538545258874
43,-10.6437,-125.1871,-46.507081327208574,26.86154553957689,-0.08502233856363796
44,-11.9095,-107.5361,11.892480998149125,-14.099695575662341,-0.11074885550061793
45,-11.0063,-121.111,-7.583861623074018,12.623574780934032,-0.09087778979613742
46,-10.5091,-129.8473,-4.517412754513317,7.213465333454416,-0.080934297440147
47,-8.4391,-128.5144,-19.697214794796892,-1.0265134507995155,-0.065666571216922
48,-13.0561,-98.1693,54.70962543399178,-23.612217774817445,-0.13299575325483629
49,-9.7346,-115.278,-25.440215684622515,17.427749815879288,-0.08444456010687208
50,-10.5197,-118.4719,8.065046329587243,2.770606707264167,-0.08879489566724261
51,-17.1112,-89.2009,62.6586309495518,-24.70712464305882,-0.1918276609316722
52,-10.1366,-127.3607,-40.76043760811633,42.7796132101806,-0.07958970074756185
53,-12.5182,-108.0432,23.495057514353924,-15.16755168588112,-0.11586291409362182
54,-9.2075,-121.8761,-26.447093032544622,12.803119492943548,-0.07554803607926411
55,-11.2646,-101.9508,22.341569372793924,-16.348816544014777,-0.11049055034389137
56,-8.298,-107.8089,-26.335600021305684,5.746006897444644,-0.0769695266346285
57,-8.8025,-123.8199,6.079778259821644,14.851278512256428,-0.07109115739877031
58,-7.8849,-106.4639,-10.42431127520591,-14.017132948742494,-0.07406172420886328
59,-10.4865,-110.7034,32.994711410417366,3.9821009750723,-0.09472608790696581
60,-10.876,-92.7153,3.714299337243121,-16.24891376416623,-0.11730534226821247
61,-8.834,-104.6453,-18.77528503126149,12.867347676165641,-0.08441850709014165
62,-12.1757,-96.7706,37.827711116142204,-7.525134908113406,-0.1258202387915338
63,-11.2611,-111.3485,-7.511683106515433,15.064389390992726,-0.10113382757738093
64,-9.2225,-104.3449,-18.103027235350012,-6.2898018383723215,-0.08838477012292886
65,-9.6386,-109.1764,4.511791813499588,4.630317341815471,-0.0882846475978325
66,-9.1964,-104.2558,-4.58780320793476,-4.507018000227159,-0.08820996050099851
67,-8.0984,-113.5982,-11.939454569179253,8.961036220526841,-0.07128986198724979
68,-8.3599,-106.9623,3.229032895386741,-5.841553827437407,-0.07815744425839759
69,-10.0403,-109.5408,20.100718908120907,2.4106624483579697,-0.09165808538918832
70,-8.2596,-99.801,-17.735525830901466,-8.891481530169587,-0.08276069378062345
71,-10.4889,-115.4693,26.99041115792531,15.699542088756635,-0.09083713160121347
72,-8.0665,-106.1444,-23.094890789310607,-8.075653009068207,-0.07599553061678241
73,-14.8453,-95.5673,84.03644703402964,-9.964821507305144,-0.15533869848787188
74,-16.44,-81.5771,10.742120401743316,-14.639107728271073,-0.20152714425984744
75,-8.9782,-95.1616,-45.388077858880784,16.65234483697018,-0.09434687941354494
76,-8.0556,-110.3658,-10.276001871199114,15.977242921514545,-0.0729900023376807
77,-9.092,-104.4527,12.86558418988033,-5.357728571713338,-0.08704418363527225
78,-6.9522,-104.2997,-23.534975802903656,-0.14647778372410825,-0.06665599229911495
79,-9.1598,-99.7494,31.75397715830961,-4.3627162877745596,-0.09182812127190741
80,-12.0236,-113.2304,31.2648747789253,13.514868259859213,-0.10618703104466645
81,-11.3729,-94.0361,-5.4118566818590175,-16.951543048509944,-0.12094185105507352
82,-7.6238,-94.3785,-32.96520676344643,0.36411548330905763,-0.08077899097781804
83,-7.1199,-98.2684,-6.609564783965993,4.121595490498353,-0.07245360665279989
84,-7.8541,-105.859,10.31194258346324,7.724354929967303,-0.0741939750044871
85,-9.2222,-106.1282,17.418927693815988,0.25430053183952417,-0.08689679086237212
86,-10.9141,-75.2988,18.345947821561005,-29.04920652569252,-0.14494387692765356
87,-7.2624,-99.0802,-33.45855361413217,31.582707825357126,-0.07329819681429792
88,-11.3722,-92.9338,56.59010795329367,-6.203459419742796,-0.1223688259815051
89,-9.3277,-112.8118,-17.978051740208578,21.38941913491108,-0.08268372634777567
90,-9.2119,-90.1741,-1.241463597671455,-20.066783793893904,-0.10215682773656738
91,-6.7304,-100.0177,-26.93798239234034,10.916216518933929,-0.06729208930019387
92,-7.3227,-104.2088,8.800368477356479,4.190358306579722,-0.0702694973936942
93,-7.0914,-88.8864,-3.158670982014833,-14.703556705383814,-0.07978048385354791
94,-7.9337,-107.6473,11.87776743661335,21.10660348489759,-0.07370087312919135
95,-6.0603,-95.6738,-23.613194348160384,-11.122898577112483,-0.0633433604602305
96,-7.1055,-89.3774,17.246670956883325,-6.581112070389183,-0.07949996307791456
97,-7.6946,-92.9273,8.290760678347752,3.9718094283342387,-0.08280236270719153
98,-12.1643,-79.362,58.08878954071688,-14.597755449690252,-0.15327612711373204
99,-6.0271,-93.6431,-50.452553784434784,17.994884201507034,-0.06436245703100388
100,-6.3409,-109.7075,5.20648404705415,17.15492118479631,-0.05779823621903699
101,-7.5219,-100.1319,18.625116308410462,-8.728300252945331,-0.07511991682970162
102,-6.601,-96.7416,-12.242917348010474,-3.3858340848420876,-0.06823331431359415
103,-6.7413,-103.7136,2.1254355400696756,7.206827259420967,-0.06499919007728977
104,-7.5523,-98.9392,12.030320561316078,-4.603446413970779,-0.07633273768132348
105,-8.5319,-83.0947,12.970883042252046,-16.014380548862327,-0.10267682535709256
106,-8.008,-97.3446,-6.140484534511669,17.148987841583164,-0.08226445021090023
107,-7.7087,-92.755,-3.7375124875124732,-4.714796711887459,-0.08310818823783085
108,-8.1405,-101.594,5.601463281746577,9.52940542288825,-0.08012776345059748
109,-6.7065,-85.9339,-17.615625575824577,-15.414394550859301,-0.07804254200030489
110,-5.4413,-89.6706,-18.865279952285096,4.3483421560059465,-0.060680981280375065
111,-8.4536,-72.4686,55.35993236910297,-19.183545108430188,-0.1166519016511979
112,-7.0675,-101.0313,-16.39656477713637,39.41389788128929,-0.0699535688445066
113,-6.595,-91.8539,-6.685532366466218,-9.083719599767603,-0.07179880222832127
114,-9.0498,-96.0878,37.2221379833207,4.6093851213721,-0.09418261215263539
115,-10.0235,-83.274,10.759353797874006,-13.335511896411411,-0.12036770180368422
116,-9.1331,-68.7531,-8.88312465705592,-17.43749549679371,-0.1328391010732607
117,-7.0622,-83.3395,-22.674666871051464,21.215625186355226,-0.08474012923043694
118,-8.7019,-84.6253,23.217977400809954,1.5428458294086234,-0.10282858672288311
119,-6.6099,-87.8721,-24.04072673783887,3.836677683860512,-0.07522182808877903
120,-6.0079,-80.5348,-9.10755079501958,-8.34997684134099,-0.07460004867461023
121,-9.9799,-94.4109,66.1129512808136,17.229942832166945,-0.10570707407725169
122,-6.6178,-91.6634,-33.68871431577472,-2.910151264313765,-0.07219675464798382
123,-7.6523,-78.9125,15.632083169633425,-13.910568449348382,-0.09697196261682244
124,-8.8329,-93.24,15.428041242502255,18.156185648661506,-0.09473294723294724
125,-8.2231,-88.0315,-6.903734900202652,-5.586121836121838,-0.0934108813322504
126,-6.7416,-83.4704,-18.01631987936424,-5.1812135428795365,-0.0807663554984761
127,-6.411,-92.1801,-4.903880384478465,10.434477371619156,-0.06954863359879193
128,-7.1973,-83.0656,12.26485727655593,-9.88770895236607,-0.08664597619231065
129,-6.6109,-92.5604,-8.147499756853271,11.430483858540708,-0.07142255219294644
130,-7.1617,-90.0937,8.331694625542664,-2.6649625541808386,-0.07949168476819134
131,-10.1847,-72.8646,42.210648309758845,-19.123534719963775,-0.13977569354666053
132,-6.0199,-88.9319,-40.892711616444274,22.050899888285947,-0.06769112095884604
133,-11.7424,-73.8511,95.05971859997675,-16.957694595527585,-0.1590010169110548
134,-7.893,-91.1724,-32.782054775855016,23.454356130105026,-0.08657225212893375
135,-8.5734,-84.5431,8.620296465222355,-7.2711697838380935,-0.1014086306274551
136,-7.3979,-84.8871,-13.711013133645922,0.4068930521828662,-0.08714987318450035
137,-6.7653,-88.6623,-8.551075305154166,4.447318850567394,-0.07630413377500922
138,-7.2797,-86.4659,7.60350612685321,-2.477264857780581,-0.08419157147499766
139,-7.5276,-73.8086,3.4053601109935716,-14.638487542487855,-0.1019881152060871
140,-7.5512,-81.3325,0.3135129390509528,10.193798554639976,-0.09284357421694894
141,-6.1269,-70.914,-18.861902743934735,-12.809762395106505,-0.08639901852948642
142,-7.2899,-80.189,18.9818668494671,13.079222720478324,-0.09090897754056043
143,-5.8572,-79.6839,-19.653218837021093,-0.6298868922171352,-0.07350543836333312
144,-6.4605,-68.4641,10.300143413234997,-14.080385121712158,-0.09436332325992745
145,-9.0148,-66.3658,39.53718752418543,-3.0648179118691554,-0.13583502346087895
146,-7.4308,-69.6653,-17.57110529351732,4.971687224443921,-0.10666429341436841
147,-8.3867,-79.5081,12.86402540776228,14.128698218481794,-0.10548233450428321
148,-8.7021,-66.3043,3.760716372351469,-16.606861439274745,-0.13124488155368505
149,-6.8324,-80.3555,-21.48561841394606,21.191989056516714,-0.08502716055528245
150,-6.4118,-70.7894,-6.155962765646028,-11.904723385455885,-0.09057570766244664
151,-6.9202,-75.5559,7.929130665335782,6.733352733601339,-0.09159046480817515
152,-7.7321,-69.5305,11.73231987514811,-7.974757762133722,-0.11120443546357353
153,-7.1394,-72.3539,-7.665446644507956,4.060664025140026,-0.09867332652420949
154,-8.2081,-69.3507,14.969045017788595,-4.150709222308668,-0.11835641168726486
155,-7.3103,-58.298,-10.937975901853047,-15.937402218002127,-0.12539538234587808
156,-10.0343,-56.8231,37.26249264736057,-2.529932416206393,-0.17658839450857136
157,-8.2722,-73.6353,-17.560766570662633,29.586910956987577,-0.11234014120944709
158,-8.4266,-73.9561,1.8664925896375806,0.435660613863198,-0.11394056744474086
159,-8.4123,-67.1893,-0.1697007096575165,-9.14975235308515,-0.12520297130644314
160,-7.1435,-72.2711,-15.082676556946373,7.563406673383999,-0.09884310602716716
161,-7.8616,-67.642,10.0524952754252,-6.40518824260321,-0.1162236480293309
162,-6.7647,-77.3177,-13.952630507784669,14.304278406906956,-0.08749225597760926
163,-8.6484,-68.5238,27.846024213934093,-11.373721670458393,-0.12621016347604774
164,-7.0508,-67.4201,-18.472781092456415,-1.6106812523531855,-0.1045800881339541
165,-8.7049,-59.3574,23.459749248312267,-11.958896530856533,-0.14665231293823516
166,-6.2412,-70.9518,-28.302450344059093,19.533200578192456,-0.0879639417181805
167,-8.9346,-43.6664,43.15516246875599,-38.456247762565575,-0.20461040983456386
168,-6.3091,-63.2655,-29.38575873570165,44.883709213491386,-0.099724178264615
169,-8.0237,-71.9008,27.17661790112693,13.649303332780116,-0.11159402955182696
170,-7.5742,-69.1423,-5.60215361990104,-3.836535893898252,-0.10954509757413335
171,-9.4808,-58.6745,25.172295423939172,-15.13950215714549,-0.1615829704556494
172,-8.5766,-65.6053,-9.537169859083638,11.812286427664475,-0.1307302916075378
173,-6.2119,-53.3923,-27.571531842455045,-18.61587402237319,-0.11634449162145104
174,-12.191,-48.2787,96.2523543521306,-9.577410974990775,-0.2525130129850224
175,-7.3178,-51.7777,-39.97375112788123,7.247502521816052,-0.1413311135875097
176,-8.5198,-54.0574,16.42570171362978,4.4028606909924495,-0.15760654415491682
177,-7.533,-50.3774,-11.58243151247681,-6.807578610883991,-0.14953133746481556
178,-4.9511,-60.8844,-34.27452542147883,20.85657457510708,-0.08131968123197404
179,-7.8259,-56.1016,58.063864595746395,-7.855542634894985,-0.1394951302636645
180,-10.1065,-48.6776,29.14169616274167,-13.233134170861439,-0.2076211645602906
181,-7.9741,-46.3926,-21.099292534507498,-4.694150903084782,-0.1718830158257998
182,-9.1288,-48.9156,14.480631043001724,5.438367325823501,-0.18662349025668704
183,-7.2543,-61.2497,-20.533914643764795,25.21506431486069,-0.1184381311255402
184,-8.2137,-51.3899,13.225259501261322,-16.097711498995093,-0.1598310173789013
185,-8.5137,-55.0799,3.6524343474926058,7.18039926133347,-0.15456999740377161
186,-8.9394,-55.5493,5.000176186616856,0.8522165072921251,-0.16092732041627886
187,-8.279,-50.4677,-7.38752041524039,-9.14791005467216,-0.1640455182225463
188,-9.0895,-53.8324,9.789829689576024,6.667036540202931,-0.16884812863628595
189,-7.8186,-56.0273,-13.98206722041916,4.077284312049989,-0.1395498266023885
190,-10.5134,-51.243,34.46652853452026,-8.539229982526365,-0.20516753507796187
191,-8.674,-52.0496,-17.495767306485067,1.57406865327947,-0.16664873505271893
192,-8.6923,-50.1854,0.2109753285681304,-3.581583720143855,-0.1732037604562283
193,-6.8856,-50.5387,-20.785062641648345,0.7039896065389462,-0.13624410600193515
194,-9.124,-48.004,32.5084233763216,-5.015364463272698,-0.19006749437546874
195,-7.0146,-45.6765,-23.11924594476108,-4.848554287142736,-0.15357131128698565
196,-8.0254,-50.8045,14.409944971915722,11.226779635042083,-0.15796632188093573
197,-8.9615,-47.1009,11.664216113838567,-7.289905421763809,-0.19026175720633784
198,-8.4132,-47.0829,-6.118395357919981,-0.038215830270760254,-0.17868907820036573
199,-9.3457,-59.6728,11.08377311843296,26.73985672080521,-0.1566157445268196
200,-9.6865,-40.7925,3.6465968306279795,-31.639708543926215,-0.23745786602929464
201,-8.3364,-50.877,-13.937954885665626,24.72145615002759,-0.16385400082552035
202,-5.6048,-46.3216,-32.76714169185739,-8.953751203883886,-0.12099754758039447
203,-7.4528,-47.5622,32.97173850984869,2.67823218541674,-0.15669586352187242
204,-7.949,-46.4826,6.6579003864319475,-2.2698697705320625,-0.17101022748297212
205,-8.0386,-49.5936,1.1271858095357912,6.692826993326539,-0.16208946315653633
206,-9.5792,-49.1634,19.16502873634711,-0.8674506387920999,-0.19484413201690687
207,-12.0008,-39.6908,25.279772841155832,-19.267585236171627,-0.30235722132080983
208,-10.0259,-55.0504,-16.4564029064729,38.69813659588619,-0.18212220074695187
209,-9.4407,-48.6824,-5.8368824743913255,-11.567581706944907,-0.19392429296830066
210,-9.5034,-51.7607,0.6641456671645063,6.3232297503820645,-0.1836026174298261
211,-8.8854,-52.0687,-6.5029357914009545,0.5950460484498876,-0.17064762515676407
212,-10.1467,-45.2033,14.195196614671236,-13.1852725341712,-0.2244681251147593
213,-11.3013,-43.5486,11.379069056934776,-3.660573453708027,-0.25951006461746184
214,-11.4894,-38.3055,1.664410289081797,-12.039652250588995,-0.29994126169871166
215,-8.5744,-41.0254,-25.371211725590538,7.100546918849759,-0.20900222788808887
216,-8.3918,-47.6398,-2.1295950737077907,16.122694720831497,-0.17615103337965315
217,-10.9084,-43.4796,29.988798589098884,-8.732614326676435,-0.25088547272744
218,-9.5279,-44.7335,-12.655384841039929,2.8838811764597683,-0.2129925000279433
219,-8.3934,-46.8743,-11.907135885137343,4.785675165144698,-0.1790618739906516
220,-11.015,-42.4448,31.23406486048563,-9.449741116133993,-0.2595135328709288
221,-9.4673,-44.4832,-14.050839763958244,4.8024728588661025,-0.2128286634055104
222,-7.2871,-42.8187,-23.028741034930768,-3.7418620962520577,-0.17018498926870737
223,-9.4013,-41.731,29.012913230228786,-2.540245266670871,-0.22528336248831804
224,-9.9246,-38.7777,5.566251475859718,-7.076993122618669,-0.2559357568912029
225,-10.134,-39.5512,2.109908711686126,1.9947031412383964,-0.25622484273549223
226,-9.7639,-40.8234,-3.6520623643181427,3.216590141386355,-0.23917410112827447
227,-12.153,-39.0013,24.46870615225474,-4.463371497719438,-0.3116049977821252
228,-9.4558,-35.326,-22.19369702954004,-9.423532036111615,-0.26767253580931893
229,-9.2234,-41.6124,-2.457750798451741,17.7953914963483,-0.2216502773211831
230,-8.8595,-41.3208,-3.9453997441290523,-0.7007526602647363,-0.21440775590017622
231,-10.9721,-39.6337,23.845589480218955,-4.08293159861377,-0.2768376406946614
232,-11.2377,-35.4598,2.420685192442651,-10.53118936662486,-0.31691380098026495
233,-10.2679,-39.8816,-8.629879779670224,12.469895487284187,-0.25745958035785926
234,-10.3451,-41.2452,0.7518577313764485,3.419120596967007,-0.2508194892981487
235,-8.5118,-38.4397,-17.72143333558884,-6.802003627088715,-0.2214325293901877
236,-10.3795,-45.7217,21.942479851500284,18.943956378431672,-0.2270147435462811
237,-9.5261,-36.081,-8.221976010405129,-21.08561142739661,-0.2640198442393503
238,-11.6379,-36.4071,22.16856845928554,0.9037997838197365,-0.31966017617442755
239,-9.8149,-38.9407,-15.664338067864481,6.959082157051788,-0.25204734378169885
240,-11.0016,-30.9408,12.090800721352224,-20.543801215694636,-0.3555693453304375
241,-9.2098,-36.4482,-16.28672193135544,17.799798324542348,-0.2526818882688308
242,-12.3817,-32.4822,34.44048730699907,-10.881195779215435,-0.3811841562455745
243,-9.3825,-30.7869,-24.222845005128534,-5.219166189482238,-0.30475624372703974
244,-11.7489,-25.3163,25.22142286171063,-17.76924601047849,-0.4640844041190854
245,-10.5536,-31.3832,-10.17371839065786,23.964402381074645,-0.3362818323179281
246,-10.8016,-36.3352,2.349909035779274,15.779142980957971,-0.29727647019969616
247,-12.9639,-25.4658,20.018330617686274,-29.914242937977498,-0.5090709893268619
248,-10.3793,-37.4958,-19.93690170396254,47.23982753339773,-0.27681233631500063
249,-10.2554,-29.4794,-1.193722119988827,-21.379461166317306,-0.3478836068576701
250,-9.7397,-30.1387,-5.028570314175951,2.2364769974965615,-0.3231625783461131
251,-10.8292,-28.4996,11.186176165590322,-5.438522564012382,-0.3799772628387767
252,-13.3236,-24.1952,23.034019133454,-15.103369871857852,-0.5506712075122339
253,-10.9455,-24.738,-17.84877960911466,2.243420182515532,-0.44245694882367204
254,-12.5019,-25.3469,14.219542277648344,2.4613954240439995,-0.4932319139618651
255,-9.7474,-30.833,-22.03265103704236,21.64406692731655,-0.31613530957091435
256,-9.5963,-23.5563,-1.5501569649342573,-23.60036324717023,-0.40737721968220814
257,-9.5782,-28.2537,-0.18861436178525537,19.941162236853827,-0.33900692652643727
258,-9.9806,-27.7493,4.201206907352106,-1.7852529049292576,-0.35967033402644394
259,-12.4021,-24.8739,24.262068412720673,-10.362063187179505,-0.49859893301814356
260,-10.1702,-20.5862,-17.996145814015374,-17.23774719686095,-0.49402998124957487
261,-10.9168,-21.1908,7.341055239818295,2.936918906840491,-0.5151669592464655
262,-10.0655,-23.2153,-7.798072695295321,9.553674235989206,-0.4335718254771638
263,-9.0432,-24.3041,-10.156475088172467,4.690010467234962,-0.3720853683123424
264,-11.0657,-22.2185,22.36487084217975,-8.581268181088786,-0.49803992168688255
265,-9.7932,-30.8529,-11.499498450165824,38.86130926930262,-0.3174158669039215
266,-8.6008,-18.9061,-12.175795449904026,-38.72180572976933,-0.45492195640560457
267,-10.4246,-18.279,21.20500418565716,-3.3169188780340697,-0.5703047212648394
268,-14.3176,-19.2789,37.34435853653857,5.470211718365348,-0.7426564793634491
269,-11.656,-25.9137,-18.58970777225233,34.41482657205546,-0.44980068457997124
270,-10.306,-22.7564,-11.58201784488676,-12.183902723269924,-0.4528835843982352
271,-10.3573,-18.1376,0.49776829031633607,-20.296707739361242,-0.5710402699364856
272,-12.3897,-29.5909,19.622874687418523,63.146722829922396,-0.41869966780327733
273,-10.4466,-13.3395,-15.683188454926267,-54.92026264831418,-0.7831328010795008
274,-11.9895,-22.685,14.769398656022048,70.05884778290041,-0.5285210491514216
275,-10.0346,-20.3138,-16.305100296092412,-10.452722063037246,-0.49397946223749367
276,-12.5897,-18.903,25.462898371634157,-6.945032441000709,-0.6660159763000583
277,-11.8412,-24.9955,-5.945336266948376,32.23033380944824,-0.47373327198895804
278,-12.6016,-10.156,6.421646454751206,-59.36868636354544,-1.240803465931469
279,-12.8305,-21.5279,1.8164360081259545,111.97223316266243,-0.5959940356467655
280,-10.5773,-21.0665,-17.561279763064586,-2.1432652511392036,-0.5020909975553604
281,-9.077,-12.1807,-14.184149073960272,-42.17976408041203,-0.7451952679238467
282,-10.7956,-17.1964,18.93356835959017,41.17743643632961,-0.6277825591402851
283,-8.0055,-15.9394,-25.844788617584946,-7.309669465702129,-0.5022460067505677
284,-11.851,-13.1079,48.03572543876087,-17.764156743666625,-0.9041112611478574
285,-12.0222,-16.0949,1.4446038309003262,22.787784465856454,-0.7469571106375311
286,-8.5743,-15.1185,-28.67944303039378,-6.066517965318208,-0.5671395971822601
287,-12.3447,-5.6046,43.97326895490012,-62.92886199027681,-2.202601434535917
288,-11.9177,-11.0928,-3.458974296661721,97.92313456803343,-1.074363551132266
289,-10.2673,-15.3652,-13.848309657064695,38.51507284004039,-0.6682177908520553
290,-11.859,-8.4621,15.502615098419238,-44.926847681774404,-1.4014251781472684
291,-11.4045,-16.138,-3.832532253984311,90.70916202833814,-0.7066860825381087
292,-11.0515,-10.2309,-3.0952694111973322,-36.60366836039163,-1.0802079973413874
293,-10.4786,-17.2058,-5.183911686196452,68.17484287794817,-0.6090155645189413
294,-10.2344,-12.6351,-2.3304639932815396,-26.564879284892307,-0.8099975465172418
295,-11.5253,-20.8232,12.613343234581409,64.8043941084756,-0.5534836144300588
296,-11.2639,-13.0572,-2.2680537599888972,-37.29494025894194,-0.8626581502925589
297,-11.1305,-4.7938,-1.1843144914283732,-63.28615629690899,-2.3218532270849845
298,-11.7332,-10.5888,5.414851084856931,120.88531019233177,-1.1080764581444544
299,-11.5033,-9.1426,-1.9593972658780268,-13.657827138108203,-1.2582088246231924
300,-10.4526,-11.8393,-9.133900706753707,29.495985824601313,-0.8828731428378368
301,-11.476,-3.5235,9.790865430610562,-70.23894993791863,-3.2569887895558396
302,-11.493,-8.3639,0.14813523875913948,137.37476940542072,-1.3741197288346347
303,-10.8194,-6.6984,-5.860958844514053,-19.912959265414443,-1.615221545443688
304,-11.1902,-2.8151,3.42717710778786,-57.97354592141407,-3.97506305282228
305,-12.3755,-8.6322,10.592303980268447,206.6391957656921,-1.4336437987998427
306,-12.3318,-12.365,-0.3531170457759414,43.24274229049374,-0.9973150020218358
307,-12.0891,-7.7194,-1.9680825183671424,-37.570562070359884,-1.5660673109309013
308,-13.0265,-10.6613,7.754092529634127,38.11047490737622,-1.221849117837412
309,-12.2702,-8.8148,-5.8058572909069905,-17.319651449635597,-1.39199981848709
310,-11.9283,-4.5838,-2.7864256491336836,-47.99882016608431,-2.6022732230900125
311,-12.6501,-6.6719,6.0511556550388645,45.553907238535714,-1.8960266191040034
312,-15.6057,0.5656,23.364242179903716,-108.4773452839521,27.591407355021218
313,-9.8182,-5.7114,-37.08580839052398,-1109.7949080622348,-1.7190531218265221
314,-11.0778,-3.565,12.829235501415749,-37.580978394089016,-3.1073772791023844
315,-13.1663,3.0458,18.853021358031373,-185.43618513323983,4.322772342241776
316,-13.8976,-3.8271,5.55433189278689,-225.65171711865523,-3.631365786104361
317,-11.8206,-0.0562,-14.945026479392121,-98.53152517572053,-210.33096085409255
318,-13.0568,-6.2183,10.45801397560191,10964.59074733096,-2.09973787047907
319,-11.1579,-4.0189,-14.54337969487165,-35.369795603299934,-2.7763567145238746
320,-11.8848,-5.9896,6.5146667383647605,49.035805817512255,-1.9842393482035527
321,-12.5949,-7.7123,5.974858642972536,28.761519967944427,-1.633092592352476
322,-10.8682,-1.9952,-13.70951734432192,-74.12963707324663,-5.447173215717722
323,-13.8955,-1.3216,27.854658545113264,-33.76102646351242,-10.514149515738499
324,-11.35,-7.0042,-18.318880213018605,429.97881355932196,-1.6204562976499814
325,-13.683,-8.1192,20.55506607929516,15.919020016561491,-1.6852645580845405
326,-11.8203,2.7842,-13.613242709932038,-134.29155581830722,4.245492421521442
327,-10.0826,1.9359,-14.70098051656895,-30.468357158250125,5.208223565266801
328,-8.9913,0.2816,-10.823597088052672,-85.45379410093497,31.929332386363637
329,-15.3617,5.3814,70.85071124309054,1811.0085227272727,2.854591741925893
330,-10.1329,-0.6099,-34.037899451232626,-111.33348199353328,-16.614035087719298
331,-11.7947,3.322,16.400043422909548,-644.679455648467,3.5504816375677306
332,-9.4854,-1.6336,-19.57913300041544,-149.1751956652619,-5.8064397649363375
333,-16.0497,4.9719,69.20425074324751,-404.3523506366308,3.228081819827431
334,-10.9335,-2.0011,-31.877231350118695,-140.2481948550856,-5.463744940282845
335,-12.298,3.8188,12.479992683038365,-290.83504072759985,3.220383366502566
336,-10.9457,-0.5424,-10.996096926329479,-114.20341468524144,-20.180125368731563
337,-13.5395,6.6209,23.696976895036403,-1320.6674041297936,2.0449636756332223
338,-12.5714,3.684,-7.15019018427564,-44.35801779214306,3.41243213897937
339,-12.2202,2.0565,-2.7936427128243513,-44.17752442996742,5.942231947483588
340,-12.8734,1.3579,5.345248031947114,-33.97033795283249,9.480374107077104
341,-12.2961,3.2581,-4.484440784874244,139.93666691214375,3.7740093919769184
342,-11.7108,4.4088,-4.7600458682021,35.31813019858199,2.656232988568318
343,-12.5831,5.9493,7.448679851077622,34.941480675013594,2.1150555527541055
344,-11.871,9.123,-5.659177786078152,53.34577177146891,1.3012167050312398
345,-9.8538,4.58,-16.992671215567356,-49.79721582812671,2.151484716157205
346,-11.8257,0.4973,20.011569140839057,-89.1419213973799,23.779810979288154
347,-14.6531,6.4592,23.90894407942026,1198.8538105771165,2.2685626702997275
348,-12.3757,3.2404,-15.542103718667043,-49.83279663116175,3.819188989013702
349,-13.5082,2.7608,9.150997519332238,-14.800641896062217,4.892857142857142
350,-11.9294,3.3721,-11.687715609777772,22.142132715155014,3.537676818599685
351,-13.3346,5.7084,11.779301557496602,69.28323596571869,2.335961039871067
352,-11.6353,6.706,-12.743539363760437,17.476000280288705,1.7350581568744408
353,-12.0466,-1.7911,3.534932489922893,-126.70891738741426,-6.725810954162247
354,-13.5918,5.1527,12.826855710324892,-387.6835464239853,2.637801540939701
355,-9.5424,11.9351,-29.792963404405594,131.62807848312536,0.7995240928019036
356,-9.8755,7.6118,3.4907360831656575,-36.22340826637398,1.297393520586458
357,-12.2713,5.7637,24.260037466457398,-24.27940828713313,2.129066398320523
358,-11.8638,4.5518,-3.320756562059446,-21.0264239984732,2.60639746913309
359,-12.8169,10.8566,8.033682294037337,138.51223691726352,1.180562975517197
360,-14.4316,8.9672,12.598210175627479,-17.403238582981785,1.609376393969132
361,-12.1438,5.8726,-15.852712103994005,-34.510215005798905,2.067874535980656
362,-14.2829,5.9255,17.61474991353611,0.9007935156489566,2.410412623407307
363,-15.2112,3.0011,6.4993803779344494,-49.35279723230107,5.068541534770584
364,-13.1152,7.8431,-13.779320500683712,161.34084169137978,1.672195942930729
365,-13.1891,10.6866,0.5634683420763675,36.254797210286746,1.2341717665113319
366,-15.1824,11.002,15.11323744607289,2.951359646660312,1.3799672786766042
367,-10.8963,2.6318,-28.230714511539677,-76.07889474640974,4.140246219317577
368,-14.4887,4.3272,32.96898947349101,64.41978873774603,3.348285265298576
369,-14.255,11.6415,-1.6129811508278746,169.03078202995005,1.2244985611819783
370,-14.7525,10.5018,3.490003507541206,-9.789975518618743,1.4047591841398617
371,-11.4948,8.6461,-22.08235892221657,-17.670304138338178,1.3294780305571297
372,-12.1966,9.135,6.105369384417303,5.654572581857709,1.3351505199781062
373,-14.3769,6.7534,17.87629339324073,-26.0711548987411,2.1288388071193767
374,-12.4077,9.5521,-13.696972226279646,41.44134806171704,1.2989499691167388
375,-9.6368,6.6885,-22.332100228084183,-29.97874812868374,1.440801375495253
376,-10.2127,9.0882,5.976050141125699,35.87799955146893,1.123731872097885
377,-11.5856,7.8355,13.443065986467829,-13.783807574657258,1.478603790440942
378,-12.9681,11.3148,11.932916724209374,44.40431370046583,1.146118358256443
379,-12.7978,10.7651,-1.3132224458478836,-4.858238766924727,1.1888231414478267
380,-14.9675,11.1592,16.953695166356695,3.660904218260863,1.3412699835113628
381,-11.9967,13.9599,-19.848338065809244,25.09767725284966,0.8593686201190553
382,-11.3628,17.6304,-5.283953087098958,26.293168289171142,0.6445004083855159
383,-15.1273,11.1199,33.13003837082409,-36.9276930755967,1.360380938677506
384,-14.2588,11.2335,-5.741275706834658,1.0215919207906543,1.2693105443539414
385,-10.1797,13.9757,-28.607596712205797,24.410913784661957,0.7283856980330145
386,-11.181,9.8711,9.836242718351219,-29.369548573595594,1.1327005095683358
387,-11.9589,4.3103,6.9573383418298995,-56.33414715685182,2.7744936547340093
388,-15.8865,14.4718,32.84248551288162,235.74925179221867,1.0977556350972235
389,-15.5155,14.763,-2.3353161489314878,2.012189223178873,1.050972024656235
390,-10.4176,9.2259,-32.85682059875607,-37.506604348709615,1.12916896996499
391,-13.6965,11.3161,31.474619874059286,22.655784259530254,1.2103551576956726
392,-12.6946,6.0877,-7.315007483663716,-46.203197214588066,2.0852867256927903
393,-14.7497,14.5713,16.18877317914704,139.35640718169427,1.0122432452835368
394,-13.8208,12.2091,-6.297755208580513,-16.211319511642763,1.1320080923245777
395,-12.9767,7.6787,-6.10746121787451,-37.10674824516139,1.689960540195606
396,-14.4967,9.7487,11.713301532747167,26.957688150337944,1.4870392975473654
397,-12.941,11.9441,-10.731407837645811,22.519925733687572,1.0834638022119707
398,-13.0039,13.1952,0.4860520825283876,10.474627640424972,0.9855023038680732
399,-11.9085,8.9656,-8.423626758126401,-32.05408027161391,1.3282435085214597
400,-13.5853,14.9809,14.08069866062056,67.09311144820201,0.9068413780213472
401,-16.0468,15.951,18.118849050076193,6.475578903804169,1.0060058930474578
402,-15.0209,8.848,-6.393174963232551,-44.53012350322864,1.697660488245931
403,-16.7971,12.5291,11.824857365404217,41.60375226039781,1.3406469738448892
404,-11.2593,11.3075,-32.968786278583806,-9.75010176309552,0.9957373424718108
405,-13.1047,14.1254,16.390006483529174,24.92062790183509,0.9277400993954152
406,-14.0742,12.2303,7.3981090753699075,-13.416257238733065,1.1507649035591931
407,-15.3732,15.3463,9.229654260988207,25.47770700636942,1.0017528655115566
408,-11.8233,8.5334,-23.091483881039732,-44.39441428878622,1.3855321442801227
409,-12.8232,14.1447,8.457029763264057,65.7569081491551,0.9065727799104965
410,-11.8734,8.3308,-7.40688751637657,-41.103027989282204,1.4252412733470976
411,-14.4126,5.8811,21.385618272777805,-29.40533922312383,2.4506639914301744
412,-12.2932,17.0425,-14.705188515604394,189.78422403972047,0.7213260965233974
413,-15.7071,13.2437,27.7706374255686,-22.290156960539832,1.1860054214456686
414,-12.0603,16.1481,-23.21752583226694,21.930427297507492,0.7468556672302005
415,-15.2008,9.1494,26.039982421664455,-43.340702621361025,1.661398561654316
416,-13.5385,9.2464,-10.935608652176187,1.0601788095394138,1.4641914691123032
417,-14.2143,11.2081,4.9916903645160104,21.215824537117143,1.2682167361104915
418,-14.6076,14.7892,2.766931892530766,31.95099972341431,0.9877207692099641
419,-13.5827,18.9263,-7.016210739614992,27.97379168582481,0.717662723300381
420,-14.2454,13.542,4.879000493274521,-28.44877234324723,1.0519421060404668
421,-12.6502,15.626,-11.19800075813947,15.389159651454731,0.8095609880967618
422,-16.2813,16.4806,28.70389400958089,5.4690899782413815,0.9879069936774149
423,-14.8344,12.0298,-8.886882497097904,-27.00629831438175,1.2331377080250712
424,-17.832,16.5208,20.20708623200129,37.332291476167526,1.0793666166287346
425,-10.9766,10.2901,-38.44436967249888,-37.71427533775604,1.0667146091874713
426,-16.116,14.2857,46.82142011187436,38.82955462046043,1.128121128121128
427,-9.9938,18.7376,-37.98833457433606,31.163331163331165,0.5333553923661515
428,-10.6775,9.1736,6.84124156977326,-51.041755614379646,1.1639378215749543
429,-15.9965,9.1006,49.81503160852259,-0.7957617511118897,1.7577412478298133
430,-11.689,12.6693,-26.927765448691897,39.21389798474826,0.9226239808039908
431,-14.9877,7.158,28.220549234322867,-43.501219483317946,2.0938390611902764
432,-14.4086,13.8066,-3.8638350113759934,92.88348700754399,1.0436023351150898
433,-13.3173,8.5826,-7.5739488916341635,-37.836976518476675,1.55166266632489
434,-14.6147,14.3767,9.742215013553789,67.50984550136323,1.0165545639819986
435,-11.782,9.8568,-19.382539497902794,-31.439064597578025,1.1953169385601818
436,-10.6755,9.9494,-9.391444576472585,0.9394529664799922,1.0729792751321687
437,-10.6507,15.2047,-0.23230762025197027,52.82027056907954,0.7004873493064644
438,-11.6858,9.4006,9.718610044410237,-38.17306490756147,1.2430908665404334
439,-14.9886,10.7666,28.26336237142515,14.530987383784,1.392138651013319
440,-14.3853,9.6517,-4.0250590448741015,-10.355172477848162,1.490442098283204
441,-13.9853,15.3991,-2.7806163236081316,59.5480588911798,0.9081894396425765
442,-11.4549,16.2209,-18.093283662130954,5.336675519997924,0.7061815312343951
443,-13.7312,11.5659,19.871845236536313,-28.69754452588944,1.1872141381129009
444,-14.1343,12.9695,2.935650198089035,12.135674698899358,1.0898107097420873
445,-14.0135,15.5079,-0.854658525714036,19.572072940360073,0.9036362112213776
446,-16.8067,17.3063,19.932208227780347,11.596670084279626,0.971131899943951
447,-11.9981,14.1755,-28.611208625131635,-18.090521948654537,0.8463969524884485
448,-16.9529,16.6786,41.2965386186146,17.657930937180353,1.0164462245032557
449,-13.5098,13.754,-20.309799503329806,-17.535044907845986,0.9822451650428966
450,-14.1724,11.1208,4.904587780722136,-19.144976006979796,1.274404719084958
451,-14.2094,17.1681,0.2610708136942197,54.37828213797569,0.8276629329978274
452,-11.9458,13.0915,-15.930299660787927,-23.74520185693233,0.9124852003208189
453,-13.8093,11.9147,15.59962497279379,-8.989038689225836,1.1590136554004717
454,-12.4698,12.9898,-9.699984792856997,9.023307343030051,0.959968590740427
455,-12.0698,12.3658,-3.207749923815928,-4.803769111148748,0.9760630125022239
456,-16.5597,16.039,37.19945649472236,29.704507593524077,1.0324646174948562
457,-14.217,7.4812,-14.14699541658363,-53.35619427645115,1.9003635780356092
458,-12.5743,9.5163,-11.554477034536125,27.202855156926688,1.3213433792545421
459,-9.648,15.4237,-23.27207081109882,62.0766474365037,0.6255308389037649
460,-16.0701,13.5123,66.56405472636817,-12.392616557635328,1.189294198619036
461,-15.3433,14.9265,-4.522684986403325,10.46601984858242,1.0279234917763709
462,-13.5516,15.0523,-11.677409683705587,0.8427963688741436,0.9003009506852774
463,-11.9771,10.7813,-11.618554266654868,-28.374401254293367,1.1109142682236837
464,-14.6692,13.587,22.47706039024471,26.02376336805394,1.0796496651210716
465,-13.0816,10.2472,-10.822676083221994,-24.580849341282107,1.276602388945273
466,-14.6384,7.0125,11.900684931506866,-31.566671871340457,2.0874723707664886
467,-16.7981,15.8929,14.753661602360912,126.6367201426025,1.056956250904492
468,-11.9034,13.2602,-29.138414463540528,-16.56525870042598,0.8976787680427143
469,-13.6985,9.7857,15.08056521666079,-26.20247055097208,1.3998487589032975
470,-15.2299,13.9121,11.179326203598938,42.16765279949315,1.0947232984236743
471,-14.9933,11.6773,-1.55352300409064,-16.063714320627366,1.2839697532820087
472,-14.6966,11.6599,-1.9788839014759918,-0.14900704786209307,1.2604396264118902
473,-12.1706,12.0244,-17.1876488439503,3.126098851619652,1.0121586108246565
474,-18.2308,15.2165,49.7937653032718,26.546854728718273,1.1980941740873392
475,-12.4002,19.1829,-31.982140114531443,26.066441034403454,0.646419467338098
476,-11.1606,12.4789,-9.996612957855511,-34.947792043955815,0.8943576757566774
477,-15.3459,15.9819,37.500672006881345,28.071384497030994,0.9602049818857583
478,-13.3276,15.8493,-13.152047126594068,-0.8296885852120184,0.8408951814906652
479,-12.9035,12.8957,-3.182118310873683,-18.63552333541544,1.0006048527803841
480,-14.8339,10.4286,14.960282094005507,-19.13118326263794,1.422424870068849
481,-16.035,17.6885,8.096994047418416,69.6152887252364,0.9065211860813522
482,-14.5192,12.4804,-9.45307140629873,-29.443423693360103,1.1633601487131824
483,-13.6736,12.459,-5.824012342277807,-0.17146886317745968,1.0974877598523156
484,-16.4823,16.1176,20.54104259302596,29.365117585681034,1.022627438328287
485,-16.05,12.0409,-2.62281356364098,-25.293468010125576,1.33295683877451
486,-12.6692,13.7112,-21.064174454828667,13.871886652991039,0.9240037341735224
487,-14.6424,13.4841,15.574779780885928,-1.6563101697882,1.0859011724920462
488,-12.2215,12.7223,-16.533491777304267,-5.649616956267001,0.9606360485132406
489,-15.1333,10.7274,23.825226036083947,-15.680340818877102,1.4107146186401178
490,-10.541,19.2339,-30.345661554320603,79.2969405447732,0.5480427786356382
491,-14.062,16.9773,33.402902950384195,-11.732409963657908,0.8282824712999122
492,-12.5289,19.373,-10.902432086474178,14.111195537570765,0.646719661384401
493,-12.0192,16.7806,-4.068194334698183,-13.38151034945544,0.7162556761975137
494,-12.2881,16.2998,2.237253727369537,-2.865213401189459,0.7538804157106221
495,-15.392,11.3929,25.259397303081844,-30.1040503564461,1.351016861378578
496,-13.4381,10.7717,-12.69425675675675,-5.452518673910944,1.2475375288951607
497,-14.8007,12.5475,10.139826314732003,16.48579147209819,1.1795736202430764
498,-13.1952,10.6121,-10.847459917436343,-15.424586571030085,1.243410823493936
499,-18.1914,15.6241,37.86376864314298,47.22910639741427,1.1643166646398833
500,-13.55,13.4313,-25.51425398814825,-14.034728400355856,1.008837565983933
501,-12.9029,10.567,-4.775645756457569,-21.325560444633062,1.22105611810353
502,-13.0364,23.0959,1.0346511249408996,118.56629128418663,0.5644465034919618
503,-14.5776,17.2947,11.82228222515418,-25.117878064937937,0.8428940658120697
504,-15.2851,15.4683,4.853336626056404,-10.560460719179865,0.9881564231363499
505,-13.3923,12.8773,-12.383301385008927,-16.750386273863317,1.0399928556452052
506,-11.693,11.7087,-12.688634513862452,-9.074883710094506,0.9986591167251702
507,-12.3427,11.0912,5.556315744462514,-5.273856192403937,1.1128372042700518
508,-15.0004,15.7182,21.5325658081295,41.717758222735135,0.9543331933681974
509,-15.8832,18.1227,5.885176395296132,15.29755315494139,0.8764256981575594
510,-16.7345,17.0225,5.359751183640582,-6.07083933409479,0.9830812160375972
511,-13.7452,13.3517,-17.86309719441872,-21.564400058745782,1.0294719024543693
512,-16.4737,21.6111,19.850566015772774,61.86028745403209,0.7622795692954084
513,-19.0928,12.2056,15.89867485750014,-43.52161620648648,1.5642655830110768
514,-17.1824,16.0607,-10.005866085644843,31.584682440846823,1.0698412896075513
515,-13.2627,18.4532,-22.812296303193968,14.896610982086699,0.7187208722606377
516,-14.6459,18.6252,10.42924894629298,0.9320876595929173,0.7863486029680218
517,-14.0592,15.5337,-4.005899261909462,-16.598479479414983,0.9050773479595976
518,-16.1203,19.6191,14.660151359963569,26.300237548040716,0.8216635829370359
519,-14.8052,17.9313,-8.158036761102473,-8.602841108919367,0.8256623892300056
520,-15.8917,16.9563,7.338637775916568,-5.437419484365336,0.9372150764022812
521,-16.5261,20.3216,3.992020992090217,19.846900562033,0.8132282891110936
522,-14.3119,14.4378,-13.398200422362205,-28.95342886386899,0.99127983487789
523,-15.7069,17.8007,9.747133504286642,23.292329856349305,0.882375412202891
524,-13.9845,12.0884,-10.965881236908615,-32.09031105518322,1.156852850666755
525,-13.4189,19.5787,-4.044477814723447,61.96270805069324,0.6853825841347996
526,-15.6265,19.2987,16.451422992942778,-1.4301255956728598,0.8097177530092701
527,-12.7776,13.3425,-18.231209803858828,-30.863218766030876,0.9576616076447443
528,-13.075,16.9726,2.3275106436263515,27.207045156454935,0.7703592849651791
529,-15.5093,19.5557,18.617973231357567,15.219235709319733,0.7930833465434629
530,-16.4455,16.8573,6.036378173096146,-13.79853444264334,0.9755714141647832
531,-13.5831,13.0149,-17.40536924994679,-22.79368582157284,1.043657653919738
532,-15.155,14.1527,11.572468729524177,8.742287685652595,1.0708204088265842
533,-16.3281,21.1022,7.740679643681947,49.1037045934698,0.7737629251926339
534,-12.8436,17.8667,-21.340511143366335,-15.33252457089781,0.7188568678043511
535,-15.491,16.6679,20.61260082842815,-6.709688974460882,0.9293912250493463
536,-17.4586,14.8841,12.701568652766127,-10.702008051404189,1.1729698134250643
537,-13.7974,16.156,-20.970753668679055,8.545360485350129,0.8540108937855906
538,-12.6001,19.0378,-8.677721889631385,17.837335974251054,0.6618464318356112
539,-14.9555,14.5062,18.693502432520393,-23.80317053441049,1.0309729632846645
540,-17.5434,17.0107,17.304001872220898,17.26503150377081,1.0313155837208345
541,-16.5301,13.459,-5.77596133018684,-20.879211319933923,1.2281818857270228
542,-16.3743,13.0136,-0.9425230337384516,-3.309309755553902,1.2582452203848282
543,-15.362,15.8466,-6.182249012171526,21.76953341120058,0.9694193076117275
544,-14.8021,12.7692,-3.6447077203489164,-19.419938661921176,1.159203395670833
545,-15.9796,19.886,7.954952337843957,55.73411020267518,0.8035602936739414
546,-13.0656,17.8265,-18.23575058199204,-10.356532233732274,0.73293131012818
547,-16.881,17.4334,29.201873622336528,-2.205144027150596,0.9683136966971446
548,-13.2253,14.5511,-21.655707600260644,-16.533206373971797,0.9088866133831807
549,-15.4676,15.5808,16.954624847829525,7.076440956353824,0.9927346477716162
550,-13.1164,11.331,-15.200806847862625,-27.275878003696864,1.1575677345335806
551,-14.1255,14.6806,7.693421975542081,29.561380284176163,0.9621881939430269
552,-14.4687,15.1717,2.4296485080174124,3.345231121343817,0.9536637291799864
553,-12.6834,19.0225,-12.339049119824164,25.381466809915842,0.6667577868313839
554,-15.8753,11.8573,25.165964962076394,-37.666973321067154,1.3388629789243756
555,-16.4377,17.6412,3.5426102183895747,48.779233046309024,0.9317790173004104
556,-15.4458,15.9146,-6.034299202443161,-9.787316055597127,0.9705427720457944
557,-13.689,17.9807,-11.37396573825894,12.982418659595574,0.7613163002552737
558,-17.7012,17.4883,29.30966469428007,-2.7384918273482106,1.0121738533762574
559,-13.3985,16.1113,-24.30739158927078,-7.873835650120364,0.8316212844401135
560,-14.7715,15.4165,10.247415755495016,-4.312501163779459,0.9581617098563228
561,-13.7336,16.4121,-7.026368344447076,6.4580157623325585,0.8367972410599497
562,-17.2545,19.9794,25.637123550999007,21.735792494561945,0.8636145229586475
563,-16.0383,17.1673,-7.048596018429976,-14.074997247164568,0.9342354359742067
564,-13.4901,19.3738,-15.888217579169861,12.852923872711486,0.6963063518772776
565,-14.534,18.1238,7.7382673219620335,-6.452012511742666,0.8019289552963508
566,-13.4008,12.9832,-7.796890050915096,-28.363808914245357,1.0321646435393432
567,-14.374,13.3616,7.262252999820906,2.914535707683763,1.0757693689378518
568,-13.2567,13.4943,-7.77306247391123,0.9931445335888078,0.9823925657499832
569,-15.5048,15.1578,16.958217354243498,12.327427135901825,1.0228925041892623
570,-13.9501,13.9539,-10.027217377844277,-7.942445473617532,0.999727674700263
571,-12.4808,12.2937,-10.532540985369288,-11.897749016404024,1.0152191773021955
572,-11.133,19.5547,-10.79898724440742,59.062771988904906,0.5693260443780779
573,-13.1329,15.6699,17.963711488367927,-19.866323697116293,0.8380972437603302
574,-17.9822,16.2847,36.92482239261701,3.9234455867618756,1.1042389482151957
575,-17.7347,17.6904,-1.3763610681673977,8.632028836883698,1.0025041830597385
576,-15.2557,15.2552,-13.978246037429454,-13.76565821010265,1.0000327757092662
577,-16.7338,18.7833,9.688837614793155,23.12719597252084,0.890887117812099
578,-17.5057,16.8919,4.61281956280104,-10.069583087103972,1.0363369425582676
579,-14.6001,13.6381,-16.59802235843183,-19.262486754006357,1.0705376848681267
580,-15.775,14.9232,8.047205156129067,9.42286682162472,1.0570789106893965
581,-16.4056,15.9039,3.9974643423137834,6.57164683177871,1.0315457214896975
582,-14.9537,15.1163,-8.850026820110212,-4.952244418035823,0.9892433995091391
583,-12.6652,14.6213,-15.303904719233364,-3.2746108505388283,0.8662157263718001
584,-20.1847,15.0946,59.37134826137762,3.2370582643130197,1.3372133080704358
585,-17.0392,19.1654,-15.5835855871031,26.968584791912352,0.8890604944326755
586,-19.1429,17.8526,12.346236912531094,-6.849843989689763,1.072275186807524
587,-17.3749,13.5864,-9.235800218357726,-23.89679934575356,1.2788450214920803
588,-15.0155,15.4538,-13.579358730122193,13.744626979921094,0.9716380437174028
589,-14.9042,14.3352,-0.7412340581399168,-7.23834914389988,1.0396925051621184
590,-14.3577,13.8097,-3.6667516538962164,-3.6658016630392365,1.039682252329884
591,-14.7676,13.3648,2.854914087911009,-3.2216485513805404,1.1049622889979647
592,-15.5435,15.4322,5.254069720198262,15.468993176104394,1.007212192688016
593,-14.6116,14.3244,-5.995432174220738,-7.178496909060272,1.0200497053977826
594,-17.2919,12.6977,18.34364477538393,-11.35614755242803,1.3618135567858745
595,-13.7897,15.378,-20.253413447914916,21.108547217212582,0.8967160879178047
596,-16.0995,14.6164,16.750183107681814,-4.9525295877227204,1.1014682137872527
597,-16.7076,8.8065,3.7771359358986345,-39.749185846035964,1.8971895758814512
598,-20.5862,15.2014,23.214584979290876,72.61568159881907,1.354230531398424
599,-12.7629,13.2319,-38.00264254694893,-12.956043522307159,0.9645553548621135
600,-15.0334,10.1226,17.789844000971566,-23.498514952501147,1.485132278268429
601,-15.0418,12.6701,0.05587558370030443,25.16645921008436,1.1871887356848012
602,-16.451,14.4503,9.368559613875993,14.050402127844297,1.1384538729299738
603,-13.969,13.8187,-15.087228739894243,-4.370843511899414,1.0108765658129926
604,-15.8117,10.1726,13.191352280048685,-26.38526055272927,1.5543420561115153
605,-15.8428,14.6602,0.19668979300138112,44.114582309340776,1.0806673851652775
606,-16.1069,12.3664,1.66700330749614,-15.646444113995706,1.3024728296027945
607,-15.7779,14.2815,-2.042602859643994,15.486317764264456,1.1047789097783847
608,-15.3134,12.4144,-2.943991278940805,-13.073556699226263,1.2335191390643123
609,-15.7997,11.9562,3.175650084239945,-3.6908751127722628,1.3214650139676485
610,-14.7666,11.3577,-6.538731748071158,-5.005771064385012,1.3001399931324125
611,-14.0633,10.316,-4.762775452710855,-9.171751322891064,1.3632512601783635
612,-15.6128,14.9013,11.018039862621155,44.44842962388522,1.0477475119620434
613,-16.8185,13.9704,7.722509735601557,-6.247105957198373,1.203866746836168
614,-15.9807,12.3154,-4.98141927044623,-11.846475405142298,1.2976192409503549
615,-17.278,11.7958,8.117917237667926,-4.219107783750431,1.4647586429067971
616,-13.303,14.7979,-23.006134969325142,25.45058410620731,0.8989789091695444
617,-15.3531,6.7557,15.410809591821373,-54.34690057373006,2.2726142368666458
618,-17.7438,12.6651,15.57144811145632,87.4728007460367,1.4009995973186156
619,-13.7943,12.164,-22.258479018023202,-3.9565419933518142,1.1340266359750082
620,-14.2675,11.4693,3.430402412590716,-5.711114764879966,1.2439730410748693
621,-18.0255,12.5622,26.33958296828456,9.528916324448744,1.434899937908965
622,-18.7038,12.3522,3.7630024132478956,-1.6716817118020755,1.5142079953368632
623,-17.3679,14.0711,-7.142398870817712,13.915739706287145,1.2342958261969568
624,-16.1488,14.544,-7.019271184196119,3.3607891351777885,1.1103410341034103
625,-14.5438,6.4067,-9.93881898345389,-55.94953245324532,2.270092247178735
626,-15.5108,15.8086,6.648881310249055,146.7510574866936,0.9811621522462457
627,-14.9253,13.7209,-3.7747891791525934,-13.206103007223913,1.0877784984949967
628,-16.2817,11.8437,9.087924530830204,-13.68131828087079,1.3747139829614057
629,-15.202,14.6247,-6.631371416989628,23.4808379138276,1.0394743140030223
630,-16.892,17.177,11.116958294961176,17.451981920996662,0.9834080456424288
631,-14.731,14.4087,-12.793038124556,-16.116318332654135,1.0223684301845413
632,-15.3704,11.9831,4.3405064150431105,-16.834273737394767,1.2826730979462744
633,-14.8222,12.1473,-3.5665955342736644,1.3702631205614546,1.2202053131148487
634,-14.6365,12.6673,-1.2528504540486596,4.280786676874704,1.1554553851254807
635,-14.7416,17.4669,0.7180678440884103,37.889684463145265,0.843973458369831
636,-12.2008,14.0499,-17.23557822760081,-19.562715765247408,0.8683905223524723
637,-18.4571,13.3443,51.277785063274564,-5.022099801422064,1.3831448633498946
638,-17.4228,13.4087,-5.603805581591914,0.48260305898397693,1.299365337430176
639,-17.3964,14.0572,-0.15152558716163833,4.836412180151695,1.237543749822155
640,-17.2089,14.0916,-1.0778092019038454,0.2447144523802791,1.2212168951715916
641,-13.9296,12.2163,-19.05583738646862,-13.30792812739504,1.1402470469782175
642,-18.9448,15.0048,36.00390535263036,22.826060263745962,1.262582640221796
643,-17.2082,12.662,-9.166631476711284,-15.613670292173165,1.3590428052440373
644,-15.3168,12.7392,-10.99127160307296,0.6096983099036501,1.2023360964581764
645,-16.9097,12.9023,10.399691841637937,1.280300175835225,1.3105957852475916
646,-16.0069,15.2947,-5.3389474680213045,18.542430419382594,1.0465651500192878
647,-15.8545,12.8884,-0.9520894114413259,-15.73290093954115,1.230137177617082
648,-14.9269,11.3593,-5.850704847204269,-11.864156916296832,1.3140686485963045
649,-16.0609,11.1562,7.597022824565047,-1.7879622864084843,1.4396389451605385
650,-17.4098,13.8038,8.398657609473936,23.732095157849443,1.2612324142627391
651,-14.4683,15.7198,-16.895656469344857,13.880235877077318,0.9203870278247814
652,-14.023,15.0368,-3.0777631096949865,-4.344838992862499,0.9325787401574803
653,-13.1401,14.7256,-6.296085003209006,-2.069589274313677,0.892330363448688
654,-16.3112,10.5416,24.13299746577271,-28.413103710544895,1.5473172952872427
655,-14.5229,10.6685,-10.963632350777374,1.2038020793807336,1.3612879036415617
656,-12.1878,10.8946,-16.07874460335057,2.119323241317894,1.1187010078387456
657,-17.058,10.675,39.95963176291046,-2.015677491601342,1.5979391100702576
658,-17.239,13.5683,1.061085707585896,27.103512880562054,1.2705349970151014
659,-13.1931,14.0388,-23.46945878531238,3.4676414878798356,0.9397598085306436
660,-18.8788,13.6457,43.09601230946478,-2.800096874376734,1.383498098302029
661,-14.9072,17.0437,-21.037354069114556,24.901617359314663,0.87464576353726
662,-14.5604,13.1956,-2.326392615648809,-22.577844012743707,1.10342841553245
663,-14.4543,12.6932,-0.7286887722864677,-3.8073297159659347,1.1387435792392777
664,-16.2897,15.8685,12.697951474647674,25.015756468030137,1.0265431515266095
665,-17.7106,15.342,8.722689797847716,-3.3178939408261554,1.1543866510233345
666,-15.0656,14.4834,-14.934558964687817,-5.596402033633174,1.0401977436237348
667,-12.56,12.6024,-16.631265930331352,-12.987281991797506,0.996635561480353
668,-15.9181,10.1278,26.736464968152873,-19.635942360185354,1.5717233752641244
669,-19.8269,13.4432,24.555694461022348,32.73563853946562,1.4748646155677219
670,-13.9857,9.0522,-29.460984823648673,-32.66335396334207,1.5450056339895275
671,-14.7706,12.5795,5.612160993014292,38.96621815691215,1.1741802138399777
672,-16.0025,21.4678,8.340216375773512,70.65702134425058,0.7454187201296827
673,-15.0655,11.324,-5.855335103890025,-47.251232077809554,1.3304044507241257
674,-16.7217,15.0661,10.993329129467977,33.04574355351466,1.109889088748913
675,-17.6683,12.5003,5.660907682831295,-17.030286537325523,1.4134300776781357
676,-14.9418,10.5594,-15.431592173553755,-15.526827356143446,1.4150235808852776
677,-18.1564,12.959,21.514141535825672,22.72477602894103,1.4010648969827921
678,-12.5941,13.8236,-30.63547839880153,6.6718110965352295,0.9110579009809311
679,-13.5678,7.2334,7.731398035588111,-47.673543794669996,1.8757154311941826
680,-21.5033,13.7377,58.487743038665066,89.92036939751709,1.5652765746813513
681,-16.7389,11.0931,-22.156599219654648,-19.250675149406383,1.5089470030920122
682,-13.0932,11.4459,-21.779806319411676,3.1803553560321385,1.143920530495636
683,-15.0789,11.8942,15.16588763633031,3.9166863243606853,1.267752349884818
684,-12.8362,12.0672,-14.873100823004338,1.4544904239040868,1.0637264651286131
685,-12.4169,12.0567,-3.2665430579143395,-0.08701272871917132,1.029875504905986
686,-16.207,12.0597,30.523721701874074,0.024882430515815734,1.343897443551664
687,-16.5443,8.8024,2.0811994817054202,-27.00979294675655,1.8795214941379623
688,-14.5206,8.4251,-12.232007398318457,-4.28633100063619,1.7234928962267508
689,-17.1565,10.0192,18.152831150227968,18.92084366951132,1.7123622644522518
690,-12.7496,9.0516,-25.686474514032597,-9.65745768125199,1.4085465553051393
691,-15.1234,11.4256,18.61862332935935,26.227407309204985,1.3236416468281753
692,-17.2442,8.6131,14.023301638520437,-24.615775101526395,2.0020898398950435
693,-11.8489,11.4464,-31.287621345147933,32.89524097015013,1.0351638943248531
694,-14.3976,12.9802,21.51001358775919,13.39984623986581,1.1091970847906811
695,-17.3907,9.073,20.78888148024669,-30.10123110583812,1.9167530034167308
696,-17.0016,10.3793,-2.237402749745554,14.397663396891879,1.638029539564325
697,-13.53,10.2109,-20.4192546583851,-1.6224600888306573,1.3250545985172706
698,-14.4308,13.447,6.657797487065786,31.692603002673604,1.0731612999181974
699,-18.3534,7.6198,27.182138204396168,-43.33457276715996,2.408645896217749
700,-15.9476,11.2004,-13.108197936077248,46.99073466495185,1.4238420056426555
701,-15.4243,8.6011,-3.281371491635099,-23.207206885468366,1.793293881015219
702,-15.6668,9.0305,1.5721945242247681,4.992384694980867,1.734876252699186
703,-17.3496,11.1378,10.741185181402702,23.335363490393668,1.5577223509131066
704,-16.3919,11.3569,-5.520011988749019,1.967174846019848,1.443342813619914
705,-18.1217,11.7378,10.552773015940797,3.353908196779054,1.5438753429092336
706,-16.8245,7.6879,-7.158268815839575,-34.50305849477756,2.1884389755329803
707,-17.6968,8.8435,5.18470088264138,15.031412999648808,2.0011081585345165
708,-15.2075,7.2816,-14.066384883142714,-17.661559337366427,2.0884833003735443
709,-20.2531,13.954,33.17836593785961,91.63370687760933,1.4514189479719075
710,-15.3132,7.8692,-24.390833995783357,-43.60613444173713,1.9459665531439028
711,-17.9616,10.1249,17.294882846171934,28.664921465968597,1.7740027061995673
712,-16.4206,9.545,-8.579413860680562,-5.72746397495284,1.7203352540597172
713,-16.3927,9.4797,-0.16990852952997182,-0.6841278156102693,1.7292424865765796
714,-13.2877,7.4322,-18.941358043519386,-21.598784771669987,1.7878555474825757
715,-14.9635,9.6477,12.61166341804827,29.809477678211028,1.550991428008748
716,-15.9806,8.6493,6.797206535904032,-10.3485804906869,1.8476177262899889
717,-15.9288,8.1593,-0.3241430234158904,-5.665198339750043,1.9522262939222728
718,-13.1966,10.3503,-17.152578976445188,26.85279374456142,1.2749968599943962
719,-12.9766,9.2109,-1.6670960701999027,-11.008376568795109,1.4088308417201358
720,-19.2596,7.0289,48.41792148945024,-23.689324604544616,2.7400588996855837
721,-16.4081,8.1052,-14.805603439323756,15.312495554069617,2.0243917485071314
722,-15.1438,11.7247,-7.705340654920434,44.65651680402705,1.2916151372743012
723,-12.0985,9.8897,-20.109219614627772,-15.65072027429274,1.223343478568612
724,-17.9427,11.2972,48.30516179691698,14.231978725340522,1.5882431044860672
725,-19.7976,7.6899,10.33790901034961,-31.93092093616118,2.5744938165645848
726,-12.6849,11.1402,-35.92708207055399,44.86794366636757,1.1386599881510207
727,-18.0543,9.6786,42.329068419932355,-13.12005170463727,1.8653834232223672
728,-14.3706,9.6562,-20.403449593725597,-0.23143843117805485,1.488225181748514
729,-15.6603,6.442,8.974573086718717,-33.286385948924,2.4309686432784847
730,-14.396,10.0188,-8.073280843917418,55.523129462899725,1.43689863057452
731,-15.9037,7.4831,10.473048068908032,-25.309418293608022,2.125282302788951
732,-11.2,7.4495,-29.576136370781647,-0.4490117731956067,1.5034566078260285
733,-17.5777,11.5701,56.94375,55.313779448285125,1.5192349245036776
734,-16.9272,6.9879,-3.7007116972072596,-39.60380636295279,2.4223586485210147
735,-15.3273,7.6093,-9.451651779384662,8.892514203122538,2.0142851510651436
736,-18.8451,8.983,22.95120471315888,18.052908940375588,2.0978626294111096
737,-14.675,11.808,-22.128298602819818,31.44829121674273,1.2428014905149052
738,-20.8853,1.7485,42.31890971039183,-85.19224254742548,11.94469545324564
739,-15.7337,6.2326,-24.666152748583936,256.45410351730055,2.5244199852389055
740,-17.4121,8.0815,10.667548002059268,29.664987324712012,2.154562890552496
741,-13.9056,5.7079,-20.13829463419117,-29.370785126523536,2.436202456244853
742,-15.7626,8.1436,13.354332067656195,42.67243644773031,1.9355813153887718
743,-17.2547,9.3867,9.466077931305739,15.264747777395748,1.838207250684479
744,-15.1019,9.6255,-12.476600578393127,2.5440250567292155,1.5689470676847956
745,-13.7407,9.2158,-9.013435395546255,-4.256402264817416,1.4909937281625036
746,-16.3967,12.4903,19.32943736490862,35.53137003841229,1.3127546976453728
747,-14.3945,7.0394,-12.210993675556658,-43.641065466802246,2.0448475722362702
748,-17.8427,3.1057,23.954982805932822,-55.88118305537404,5.745146021830827
749,-14.523,7.6428,-18.60536802165592,146.08944843352546,1.9002198147275866
750,-11.976,9.6584,-17.537698822557314,26.372533626419646,1.23995692868384
751,-17.2924,7.5336,44.39211756847028,-21.99950302327508,2.2953700753955615
752,-15.5382,8.52,-10.14434086650784,13.09334182860784,1.8237323943661972
753,-16.1878,9.454,4.180664427025005,10.962441314553995,1.7122699386503066
754,-15.5716,8.3807,-3.8065703801628326,-11.352866511529525,1.8580309520684433
755,-16.8611,6.0559,8.28110149246064,-27.739926259143022,2.784243465050612
756,-13.5161,10.2034,-19.838563320305326,68.48693010122359,1.3246662877080189
757,-15.7123,8.1479,16.248769985424794,-20.14524570241293,1.9283864554056875
758,-19.7764,5.9565,25.865723032274058,-26.895273628787784,3.3201376647360026
759,-18.7499,8.2266,-5.190530126817816,38.1113069755729,2.279179734033501
760,-19.087,9.9093,1.7978762553400252,20.454379695135305,1.926170365212477
761,-16.3972,4.2598,-14.092314140514473,-57.012099744684285,3.849288698999953
762,-15.5931,5.8648,-4.903886029322091,37.67782525001173,2.65876074205429
763,-16.8667,8.317,8.167715207367365,41.81216750784343,2.0279788385235062
764,-18.5383,8.0042,9.910652350489425,-3.760971504148125,2.316071562429724
765,-14.0356,8.6077,-24.28863488022094,7.539791609405033,1.630586567840422
766,-18.2123,7.0778,29.75790133660121,-17.773621292563636,2.5731583260335134
767,-16.8242,5.8391,-7.621772099075885,-17.501200938144613,2.8813002003733454
768,-14.6876,6.3529,-12.699563723683749,8.799301262180803,2.311952021911253
769,-18.4198,7.3018,25.410550396252617,14.936485699444347,2.5226382535813086
770,-14.6397,7.3693,-20.521938348950584,0.9244295927031576,1.986579458021793
771,-15.3434,8.4796,4.806792488917133,15.066559917495548,1.8094485588942877
772,-17.0766,6.1419,11.296062150501186,-27.56851738289542,2.7803448444292482
773,-17.7459,6.707,3.919398475106295,9.200735928621429,2.6458774414790516
774,-15.5498,8.7195,-12.375252875312038,30.00596391829433,1.7833362004702105
775,-16.8874,7.2365,8.602039897619274,-17.007855955043294,2.333641953983279
776,-18.4193,6.1727,9.071260229520227,-14.700476749809999,2.9839940382652648
777,-21.1284,4.7364,14.70794221278766,-23.26858587004067,4.460856346592348
778,-16.1551,5.0278,-23.53846008216428,6.152351997297534,3.2131548589840486
779,-16.8696,9.8613,4.422751948301129,96.13548669398146,1.7106872319065436
780,-17.2518,6.974,2.265613885332196,-29.279101132710693,2.4737310008603384
781,-15.4292,8.6869,-10.564694698524214,24.561227416116992,1.7761456906376267
782,-15.6557,9.0174,1.4679957483213713,3.804579309074585,1.736165635327256
783,-17.9669,7.9059,14.76267429754019,-12.326169405815424,2.2725938855791243
784,-13.5355,7.7726,-24.66424369256799,-1.6860825459466988,1.7414378714973113
785,-16.2995,7.2115,20.42037604816962,-7.218948614363274,2.260209387783401
786,-15.9261,8.3372,-2.290867818031217,15.609789918879557,1.9102456460202468
787,-15.6126,6.0939,-1.9684668562924945,-26.907115098594247,2.562004627578398
788,-17.6255,5.1899,12.89279171950859,-14.834506637785328,3.396115532091177
789,-18.8108,5.5602,6.724915605231074,7.135012235303195,3.383115715262041
790,-17.012,7.0961,-9.562591702638912,27.623107082479038,2.3973732049999295
791,-14.6896,8.1048,-13.651540089348691,14.214850410789005,1.812456815714145
792,-14.7541,6.0352,0.43908615619212554,-25.535485144605662,2.4446745758218453
793,-14.7796,9.7954,0.17283331412962788,62.30448038176035,1.5088306756232517
794,-18.0632,6.3031,22.21711007063789,-35.65244910876535,2.8657644651044722
795,-12.7864,6.8369,-29.212985517516266,8.468848661769602,1.8702043323728592
796,-19.1997,7.1401,50.15719827316523,4.434758443154063,2.688995952437641
797,-17.7547,6.3577,-7.526159262905152,-10.957829722272795,2.7926294100067635
798,-19.3368,6.2236,8.910879936016936,-2.1092533463359375,3.1070120187672727
799,-17.4603,6.7499,-9.704294402383018,8.456520341924278,2.586749433324938
800,-19.0512,9.009,9.111527293345478,33.46864397991081,2.114685314685315
801,-18.3121,11.9179,-3.8795456454186583,32.28882228882228,1.5365206957601591
802,-22.7937,8.2438,24.473435597228054,-30.828417758162086,2.7649506295640363
803,-18.5008,8.1269,-18.833712824157544,-1.4180353720371852,2.2764891902201336
804,-13.2742,3.9279,-28.25067024128687,-51.667917656178865,3.3794648539932277
805,-16.7502,6.9531,26.18613551099125,77.01825402887039,2.409026189757087
806,-16.4812,8.0305,-1.6059509737197053,15.495246724482614,2.052325508996949
807,-20.6356,8.1995,25.206902410018685,2.104476682647416,2.5166900420757363
808,-17.3886,6.2169,-15.734943495706444,-24.17952314165498,2.7969888529653044
809,-17.6862,5.7031,1.7114661329836744,-8.264569158262159,3.101155511914573
810,-15.1884,5.689,-14.122875462224782,-0.24723396047763302,2.6697837932852875
811,-18.0744,6.8943,19.001343130283654,21.18650026366673,2.6216439667551454
812,-14.4361,7.692,-20.129575532244502,11.570427744658618,1.876768070722829
813,-16.2311,3.1144,12.4341061644073,-59.511180447217896,5.211629848445929
814,-14.2094,1.3192,-12.455717727079495,-57.64192139737992,10.771224984839298
815,-15.9735,9.0487,12.415021042408547,585.9232868405095,1.765281200614453
816,-15.9301,5.6487,-0.27170000313018194,-37.574458209466556,2.8201356064227165
817,-15.7291,7.8998,-1.2617623241536369,39.851647281675426,1.9910757234360366
818,-17.5542,10.7298,11.603333947905469,35.82369173903135,1.6360230386400494
819,-20.8518,8.8738,18.78524797484362,-17.297619713321776,2.349816313191643
820,-19.3171,6.4964,-7.360036064032849,-26.791228109716236,2.9735084046548854
821,-15.4406,9.2887,-20.067712027167637,42.982267101779435,1.6622993529772734
822,-17.9727,3.6107,16.398974133129542,-61.12803729262437,4.977622067743097
823,-19.9858,5.5544,11.200876885498579,53.83166698978039,3.598192424024197
824,-17.3609,7.3907,-13.133825015761191,33.0602765375198,2.349019713964848
825,-16.4177,6.1044,-5.432898064040459,-17.40430541085418,2.6894862721971036
826,-15.9756,3.9228,-2.692825426216827,-35.73815608413603,4.072499235240135
827,-17.3714,7.7529,8.73707403790782,97.63689201590702,2.240632537502096
828,-14.9001,6.3673,-14.226256951080519,-17.872022082059612,2.3400970584078022
829,-16.6189,3.6248,11.535493050382218,-43.07163161779718,4.584777091149856
830,-17.6584,2.9903,6.254926619692047,-17.504414036636508,5.905226900311006
831,-16.465,5.2843,-6.758256693698184,76.71471089857205,3.115833696042995
832,-17.4797,5.6587,6.162769511084121,7.085138996650442,3.088995705727464
833,-13.2043,7.6082,-24.459229849482544,34.45137575768287,1.73553534344523
834,-15.9915,5.2733,21.108275334550108,-30.68925632869799,3.032541292928527
835,-17.9715,7.3574,12.381577713160109,39.52174160392923,2.4426427814173484
836,-19.6921,8.3845,9.57404779790223,13.960094598635365,2.3486314031844477
837,-15.9658,4.669,-18.922816764083063,-44.31391257677858,3.4195330905975587
838,-17.8595,4.8076,11.860977840133291,2.968515742128952,3.7148473250686416
839,-17.0472,5.5849,-4.548279627089224,16.168150428488225,3.0523733638919226
840,-17.7867,4.2944,4.337955793326764,-23.106949094880836,4.141835879284649
841,-13.3815,6.8213,-24.766820152136138,58.841747391952296,1.9617228387550762
842,-16.2752,5.2351,21.624631020438677,-23.25363200562942,3.108861339802487
843,-17.7896,10.3763,9.30495477782145,98.20633798781304,1.714445418887272
844,-18.2083,6.8924,2.3536223411431356,-33.575551979029136,2.641793859903662
845,-17.0423,1.3736,-6.403673050202386,-80.07080262317916,12.40703261502621
846,-18.4282,4.209,8.132118317363268,206.42108328479907,4.378284628177715
847,-13.8281,6.5151,-24.96228606157954,54.78973627940131,2.12246934045525
848,-18.3885,7.9231,32.97922346526276,21.611333671010403,2.3208718809556865
849,-16.9499,8.5097,-7.823367865785691,7.403667756307519,1.991832849571665
850,-15.7782,6.3488,-6.912725148820931,-25.39337461955181,2.485225554435484
851,-14.7092,6.1554,-6.775170805288311,-3.0462449596774133,2.389641615492088
852,-15.4322,7.7206,4.915291110325515,25.428079409948978,1.9988342874906095
853,-15.5754,4.6291,0.927929912779768,-40.04222469756237,3.3646713183988246
854,-19.9714,7.1778,28.223994247338744,55.05821866021472,2.7823845746607594
855,-15.867,5.4396,-20.551388485534304,-24.21633369556131,2.916942422236929
856,-14.5392,5.4855,-8.36831159009266,0.8438120450033004,2.6504785343177466
857,-16.5208,2.1085,13.629360625068788,-61.56230061070094,7.835333175243065
858,-15.0573,4.0255,-8.858529853275876,90.91771401470241,3.740479443547385
859,-15.9345,4.0694,5.8257456516108475,1.0905477580424705,3.915687816385708
860,-15.2303,4.5253,-4.419341680002509,11.20312576792648,3.3655890217223168
861,-17.7688,5.4181,16.66743268353217,19.729078735111493,3.279526033111238
862,-15.2697,6.0331,-14.064540092746824,11.35084254628007,2.530987386252507
863,-17.4993,6.5689,14.601465647655164,8.881006447763173,2.6639620027706314
864,-13.9039,0.397,-20.54596469573069,-93.95637016852136,35.02241813602015
865,-15.1659,3.1122,9.07659002150476,683.9294710327456,4.873048004626952
866,-19.8499,5.2703,30.885077707224774,69.34322986954564,3.766370035861337
867,-15.7446,2.4545,-20.681716280686558,-53.42769861298218,6.414585455286209
868,-16.0381,5.2039,1.8641311941872019,112.01466693827666,3.081938546090432
869,-14.7897,5.9802,-7.783964434689894,14.91765791041335,2.4731112671816997
870,-18.6986,6.7382,26.429880254501438,12.675161365840616,2.7750140987207264
871,-13.835,4.6519,-26.01050346015209,-30.96227479148733,2.974053612502418
872,-17.0976,6.9697,23.582219009757853,49.82480276876113,2.45313284646398
873,-13.2807,5.0571,-22.324185850645705,-27.441640242765107,2.6261493741472384
874,-16.6831,4.5837,25.619131521681847,-9.361096280476955,3.6396579182756286
875,-18.0952,6.7959,8.464254245314118,48.2623208325152,2.6626642534469314
876,-17.1126,7.1019,-5.430169326672251,4.502714872202351,2.409580534786466
877,-18.5483,4.8129,8.389724530462939,-32.2308114729861,3.8538718859731143
878,-10.0616,4.1955,-45.754597456370675,-12.828024683662653,2.3981885353354784
879,-16.491,4.0339,63.900373698020196,-3.8517459182457414,4.088103324326334
880,-15.774,6.1249,-4.34782608695653,51.83569250601157,2.5753889859426273
881,-21.323,8.2107,35.17814124508687,34.05443354177209,2.596977115227691
882,-20.7919,10.7857,-2.490737701073964,31.3615160704934,1.9277283810971932
883,-20.6865,5.0659,-0.5069281787619229,-53.03132851831591,4.083479737065477
884,-17.4986,3.7616,-15.410533439682883,-25.74665903393276,4.651903445342407
885,-16.8789,6.1529,-3.5414261712365502,63.57135261590812,2.7432430236148813
886,-16.0341,4.4088,-5.005065495974281,-28.345983194916215,3.6368399564507343
887,-17.7156,5.0317,10.487024528972633,14.128561059698775,3.520798139793708
888,-16.5207,5.752,-6.744902797534358,14.315241369716002,2.872166203059806
889,-17.7279,5.9446,7.307196426301554,3.348400556328235,2.982185512902466
890,-13.7583,5.9248,-22.391823058568704,-0.33307539615785586,2.3221543343235216
891,-19.1555,4.8343,39.228683776338634,-18.405684580070226,3.9624144136689905
892,-15.909,4.2993,-16.948135000391527,-11.066752166808024,3.7003698276463615
893,-15.8501,1.0357,-0.3702306870325023,-75.91003186565256,15.303755913874673
894,-17.0434,2.2263,7.528659125179016,114.95606835956357,7.655482190181017
895,-16.1951,4.3968,-4.977293263081295,97.4935992453847,3.6833833697234355
896,-19.6655,5.9904,21.428703743724963,36.244541484716166,3.2828358707264957
897,-13.6051,3.7357,-30.8174213724543,-37.63855502136752,3.6419145006290656
898,-14.2516,3.8275,4.751894510146926,2.4573707738844153,3.7234748530372306
899,-20.1889,2.2559,41.660585478121746,-41.060744611365116,8.949377188705173
900,-14.2415,8.8837,-29.458761992976335,293.79848397535346,1.6031045622882358
901,-15.7947,1.9442,10.906154548327084,-78.11497461643235,8.124009875527209
902,-19.3108,4.2069,22.26126485466644,116.38205945890343,4.5902683686324846
903,-16.9672,6.4881,-12.136213932100182,54.22520145475291,2.61512615403585
904,-17.425,3.8341,2.6981470130605034,-40.90565805089318,4.5447432252679905
905,-14.0975,3.782,-19.09612625538021,-1.3588586630499888,3.7275251189846643
906,-18.1591,3.1177,28.810782053555585,-17.56478053939714,5.8245180742213805
907,-14.7175,9.8524,-18.95248112516589,216.01501106584976,1.4937984653485445
908,-15.3692,0.8737,4.428061831153385,-91.13210994275506,17.590935103582463
909,-11.4849,6.0448,-25.273273820368004,591.8621952615315,1.8999636050820539
910,-14.5644,1.1125,26.813468119008444,-81.59575172048703,13.091595505617976
911,-17.5788,1.9235,20.6970421026613,72.89887640449437,9.138965427605926
912,-14.582,3.3659,-17.0478075864109,74.98830257343383,4.332273686086931
913,-15.9626,3.1238,9.467837059388273,-7.192727056656456,5.10999423778731
914,-17.2758,5.5941,8.22672998133136,79.07996670721558,3.088217943905186
915,-12.668,1.7978,-26.671992035101134,-67.86256949285855,7.046390032261653
916,-18.7266,3.9075,47.82601831386171,117.34898208922017,4.792476007677544
917,-18.4193,5.3662,-1.6409812779682453,37.33077415227126,3.432466177183109
918,-16.1626,4.593,-12.251822816285085,-14.40870634713578,3.5189636403222297
919,-14.9318,5.154,-7.615111430091693,12.214239059438281,2.897128443927047
920,-15.5382,2.2313,4.061131276872176,-56.707411719053155,6.963743109398108
921,-15.885,3.9833,2.231918755068163,78.5192488683727,3.9878994803303796
922,-18.4871,0.8946,16.38086244885113,-77.5412346546833,20.665213503241674
923,-16.4301,1.4707,-11.126677521082284,64.39749608763694,11.171618956959271
924,-15.1439,0.0774,-7.8283151045946076,-94.73719997280206,195.6576227390181
925,-17.6014,0.5541,16.227656019915628,615.8914728682172,31.765746255188596
926,-15.0068,2.8123,-14.740872885111422,407.5437646634181,5.336130569284927
927,-13.0005,3.6048,-13.369272596422954,28.179781673363436,3.6064414114513985
928,-16.6871,4.8897,28.35737087035115,35.64414114513983,3.412704255884819
929,-15.9551,5.2533,-4.386622001426255,7.4360390207988125,3.0371575961776407
930,-17.3647,2.411,8.834792636837129,-54.10503873755545,7.202281211115719
931,-15.0299,2.8641,-13.445668511405318,18.79303193695563,5.247686882441255
932,-17.2652,1.2241,14.872354440149316,-57.2605705108062,14.10440323502982
933,-16.9503,2.0107,-1.8239000996223664,64.25945592680335,8.430049236584274
934,-20.6561,2.0045,21.862739892509286,-0.30835032575718957,10.304864055874281
935,-16.7308,0.6938,-19.00310319953912,-65.38787727612872,24.114730469876044
936,-15.6048,2.8706,-6.730102565328611,313.75036033439034,5.436076081655402
937,-18.985,-1.2611,21.661283707577162,-143.93158224761376,-15.054317659186422
938,-15.2448,2.1384,-19.70081643402686,-269.56625168503683,7.129068462401796
939,-17.6732,1.5867,15.929366078925277,-25.7996632996633,11.138337429885928
940,-15.756,-1.3249,-10.848063734920677,-183.5003466313733,-11.892218280624954
941,-15.2682,1.0554,-3.0959634424980953,-179.65884217676808,14.466742467310974
942,-16.9075,1.9337,10.73669456779449,83.21963236687513,8.743600351657443
943,-15.7281,1.4065,-6.975602543250037,-27.263794797538388,11.182438677568431
944,-16.2315,0.4492,3.200640891143891,-68.06256665481692,36.134238646482636
945,-17.5177,0.9287,7.924098204109309,106.74532502226182,18.862603639496072
946,-17.6474,1.6165,0.7403940014956367,74.0605146979649,10.917042994123106
947,-19.0193,5.1224,7.7739497036390715,216.88215279925763,3.7129665781664847
948,-13.2121,2.876,-30.53319522800524,-43.85444322973606,4.593915159944367
949,-16.7032,-0.6375,26.423505725811935,-122.16620305980528,-26.201098039215687
950,-19.6728,0.4121,17.778629244695622,-164.64313725490197,47.737927687454494
951,-16.0288,2.1313,-18.523036883412626,417.18029604464937,7.520668136817905
952,-14.0301,2.8921,-12.469430025953287,35.696523248721434,4.851180802876802
953,-17.9616,0.1681,28.021895781213257,-94.18761453615019,106.85068411659726
954,-15.8578,1.2425,-11.712765009798687,639.1433670434265,12.762816901408451
955,-20.538,-1.8146,29.513551690650665,-246.0442655935614,-11.318196847790146
956,-16.5017,5.4431,-19.652838640568703,-399.96142400529044,3.0316731274457567
957,-17.4122,0.9535,5.517613336807714,-82.4824089213867,18.26135291033036
958,-14.0931,3.1722,-19.061922100596128,232.69008914525435,4.442689616039342
959,-17.3138,-0.2011,22.853027368002788,-106.33944896286489,-86.09547488811536
960,-19.6612,3.5295,13.557971098199118,-1855.0969666832423,5.5705340699815835
961,-16.3793,1.7862,-16.692267003031347,-49.392265193370164,9.169913783450902
962,-16.345,-1.386,-0.20941065857515984,-177.59489418878064,-11.792929292929292
963,-15.3128,0.1567,-6.315081064545735,-111.30591630591631,97.7204850031908
964,-17.5529,-0.2466,14.628937882033345,-257.37077217613273,-71.17964314679644
965,-15.34,-2.2632,-12.607033595588202,817.7615571776155,-6.778013432308237
966,-15.4058,-1.5276,0.42894393741850223,-32.50265111346765,-10.084969887405078
967,-17.5079,3.1519,13.644861026366684,-306.3301911495156,5.554713030235731
968,-17.8853,3.0202,2.155598329896802,-4.178432056854597,5.92189258989471
969,-16.7419,1.309,-6.392959581332159,-56.658499437123375,12.789839572192514
970,-19.5389,0.5286,16.706586468680374,-59.61802902979374,36.96348846008325
971,-14.6414,-0.845,-25.065382391025082,-259.8562239878925,-17.32710059171598
972,-15.8685,0.6944,8.38102913655796,-182.17751479289942,22.85210253456221
973,-16.0224,2.473,0.9698459211645805,256.1347926267281,6.4789324706833815
974,-16.6506,0.5185,3.920760934691425,-79.03356247472706,32.11301832208294
975,-13.5964,-0.316,-18.34288253876738,-160.94503375120541,-43.02658227848101
976,-13.7894,0.7352,1.4194933953105338,-332.65822784810126,18.755984766050055
977,-17.7062,-0.1997,28.40442658853901,-127.16267682263329,-88.66399599399098
978,-19.7506,0.5731,11.546238040912215,-386.9804707060591,34.46274646658523
979,-14.8633,-0.828,-24.745071035816622,-244.4774035944861,-17.95084541062802
980,-17.868,-3.2226,20.2155645112458,289.2028985507246,-5.544591323775833
981,-16.9804,0.2648,-4.967539735840609,-108.21696766585987,64.12537764350454
982,-16.6808,-1.158,-1.7643871758026841,-537.3111782477341,-14.40483592400691
983,-17.0264,1.8527,2.071843077070623,-259.9913644214162,9.19004695849301
984,-18.0416,1.8839,5.962505285908937,1.6840287148485844,9.576729125749774
985,-17.672,1.3928,-2.0485987938985373,-26.068262646637287,12.688110281447445
986,-16.5728,-4.0439,-6.220009053870523,-390.34319356691555,-4.0982220134029035
987,-18.9947,-0.4574,14.613704383085535,-88.68913672444917,-41.5275470048098
988,-15.6281,0.5482,-17.72389140128563,-219.85133362483603,28.50802626778548
989,-19.2036,-0.4872,22.878660873682666,-188.872674206494,-39.416256157635466
990,-16.7059,-2.4979,-13.006415463767219,412.70525451559934,-6.687977901437207
991,-15.6337,-0.5186,-6.418091811874849,-79.23856039072821,-30.145969919012728
992,-16.3041,1.1007,4.288172345637942,-312.24450443501735,14.812482965385662
993,-17.8303,0.8879,9.360835618034734,-19.33315163078041,20.081428088748734
994,-19.4996,-2.0233,9.362153188673217,-327.87476067124675,-9.63752285869619
995,-16.6,-0.5447,-14.87004861638187,-73.07863391489151,-30.47549109601616
996,-15.0948,-2.373,-9.067469879518086,335.65265283642384,-6.361061946902654
997,-17.3242,-1.4999,14.769324535601669,-36.79308891698273,-11.550236682445497
998,-17.7598,-1.8259,2.51440181942022,21.734782318821267,-9.726600580535624
999,-21.1305,-0.0501,18.979380398427924,-97.25614765321211,-421.7664670658683
1000,-14.2824,2.228,-32.40860367714915,-4547.105788423154,6.410412926391382
